{"cameraMode":{"drawMode":0,"name":"Shaded","section":"Shading Mode"},"sceneLighting":false,"audioPlay":false,"sceneViewState":{"showFog":true,"showMaterialUpdate":false,"showSkybox":false,"showFlares":true,"showImageEffects":true,"showParticleSystems":true},"in2DMode":false,"pivot":{"x":0.5376005172729492,"y":0.6598979234695435,"z":0.4504341185092926},"rotation":{"x":-0.07163006067276001,"y":0.7665368318557739,"z":-0.08684154599905014,"w":-0.6322622895240784},"size":0.7075485587120056,"orthographic":false}