{"cameraMode":{"drawMode":0,"name":"Shaded","section":"Shading Mode"},"sceneLighting":true,"audioPlay":false,"sceneViewState":{"showFog":true,"showMaterialUpdate":false,"showSkybox":true,"showFlares":true,"showImageEffects":true,"showParticleSystems":true},"in2DMode":false,"pivot":{"x":-0.6288224458694458,"y":-0.6545429229736328,"z":-2.6546781063079836},"rotation":{"x":0.5103309154510498,"y":0.48601973056793215,"z":-0.45716169476509097,"w":0.5425481200218201},"size":11.076244354248047,"orthographic":false}